press1.x,press1.y,release1.x,release1.y,press2.x,press2.y,release2.x,release2.y,press3.x,press3.y,release3.x,release3.y,press4.x,press4.y,release4.x,release4.y
-3.336889789,0.903011662,4.114438336,649.4312444,-3.322362737,2.114925273,4.109121638,674.2925859,-3.32007079,1.862626096,4.111413585,663.7179595,-3.323785088,1.902116402,4.117621162,679.7992897
-3.326967914,3.00126325,4.124360211,714.4498392,-3.352128362,1.898825543,4.119043513,729.9081001,-3.349836415,1.754027755,4.12133546,707.2362766,-3.333706963,1.865916955,4.127543037,728.4151471
-3.336889789,1.610326919,4.134282086,773.4088659,-3.362050237,2.178548544,4.138887263,785.8899965,-3.369680165,1.856044379,4.14117921,762.0378517,-3.343628838,1.813263214,4.137464912,776.3135973
-3.317046039,2.136864332,4.154125836,831.380635,-3.371972112,1.794615014,4.158731013,864.5700433,-3.389523915,1.704664872,4.151101085,820.7566458,-3.363472588,1.873595626,4.157308662,815.0897869
-3.326967914,0.76786706,4.164047711,881.7965923,-3.391815862,1.838493131,4.168652888,932.155508,-3.39944579,1.691501437,4.16102296,854.3113394,-3.373394463,2.049108096,4.167230537,865.1667857
-3.307124164,2.369418356,4.183891461,926.5051033,-3.401737737,2.022781226,4.188496638,969.3915756,-3.389523915,2.277274308,4.170944835,904.4289254,-3.383316338,1.691501437,4.172191475,897.0190083
-3.317046039,1.219811672,4.193813336,956.9203176,-3.401737737,1.770482049,4.198418513,1002.860707,-3.37960204,2.62829925,4.18086671,943.7744335,-3.383316338,2.122603944,4.177152412,925.3105216
-3.307124164,3.442238333,4.203735211,1018.040342,-3.401737737,1.781451578,4.20337945,1028.889206,-3.389523915,1.917473743,4.190788585,968.8288387,-3.383316338,1.615811684,4.187074287,948.6657467
-3.317046039,1.14083106,4.084913581,1008.033937,-3.391815862,2.13247652,4.076948825,1039.652508,-3.37960204,3.517928086,4.20071046,1011.798679,-3.373394463,2.023878179,4.196996162,963.6358635
-3.341850727,0.289595577,3.966091951,825.892488,-3.391815862,2.44181725,3.9505182,943.0764159,-3.369680165,1.533540213,4.210632335,1017.774879,-3.333706963,1.763900331,4.206918037,958.4313703
-3.284799946,3.804232804,3.956170076,668.7638882,-3.391815862,1.899922496,3.940596325,523.6118657,-3.35975829,1.141928013,3.945715344,1046.882518,-3.323785088,3.211878215,4.206918037,956.3137026
-3.227749164,2.408908662,3.946248201,461.2972676,-3.362050237,3.306216168,3.920752575,363.842277,-3.310148915,4.988941982,3.945715344,940.3239641,-3.303941338,0.84245986,4.206918037,901.2247258
-3.207905414,1.728797837,3.926404451,332.6997639,-3.282675237,0.737152377,3.900908825,277.4243905,-3.30022704,0.993839366,3.945715344,817.364437,-3.284097588,2.237784002,3.961992379,817.8671576
-3.148374164,1.90869812,3.916482576,217.8713432,-3.262831487,1.885662108,3.8711432,97.09557951,-3.28038329,2.865241086,3.935793469,701.2200715,-3.264253838,2.915700921,3.952070504,753.9989028
-3.108686664,2.395745226,3.896638826,163.3546002,-3.242987737,1.609229966,3.861221325,75.68104982,-3.26053954,2.145639955,3.935793469,617.395404,-3.244410088,1.216301423,3.952070504,627.1768442
-3.049155414,1.570836614,3.866873201,74.26615312,-3.242987737,1.484177331,3.85129945,62.06664996,-3.24069579,2.139058238,3.935793469,512.0925138,-3.234488213,2.909119203,3.952070504,545.043456
-3.118608539,2.316764614,3.847029451,64.32548021,-3.242987737,2.250947438,3.8314557,66.98352971,-3.22085204,1.737573461,3.915949719,398.7142486,-3.214644463,2.046914191,3.942148629,438.9637375
-3.098764789,1.465529131,3.837107576,66.98239233,-3.213222112,1.623490355,3.801690075,65.7995205,-3.20100829,2.20706932,3.906027844,333.533461,-3.184878838,2.097374026,3.932226754,352.9609935
-3.078921039,2.444011156,3.807341951,61.25911246,-3.203300237,2.310182897,3.7917682,64.73493585,-3.171242665,1.899922496,3.886184094,199.4913347,-3.105503838,1.132055437,3.872695504,101.5531865
-3.059077289,2.514216144,3.787498201,66.26357022,-3.183456487,1.197872613,3.781846325,65.99742406,-3.166281728,2.089695355,3.846496594,62.50112789,-3.095581963,1.075013884,3.862773629,74.16333426
-3.029311664,2.659013932,3.767654451,65.26040391,-3.173534612,3.146061039,3.762002575,61.59918811,-3.16132079,1.675047143,3.816730969,69.12975966,-3.075738213,2.764321415,3.842929879,62.65126162
-3.019389789,1.500631625,3.757732576,59.89994723,-3.153690862,1.535734119,3.742158825,64.24358909,-3.14147704,0.84245986,3.806809094,65.40371338,-3.065816338,1.083789507,3.833008004,66.5720268
-2.979702289,1.474304755,3.708123201,63.7385938,-3.133847112,2.895955768,3.722315075,63.71470889,-3.02241454,1.434814449,3.796887219,66.06339191,-3.045972588,2.878404521,3.813164254,61.43881799
-2.920171039,2.303601179,3.688279451,64.40395921,-3.114003362,1.93502499,3.7123932,62.57846951,-3.00257079,2.165385108,3.786965344,64.6052749,-3.016206963,1.184709178,3.793320504,64.4428575
-2.910249164,1.737573461,3.658513826,60.07624063,-2.985018987,2.362836638,3.69254945,64.87597057,-2.992648915,1.368997272,3.767121594,65.43555993,-3.006285088,2.010714743,3.783398629,64.1207524
-2.830874164,1.601551296,3.638670076,63.51111845,-2.955253362,2.21803885,3.662783825,65.53564909,-2.98272704,2.558094262,3.747277844,64.7030893,-2.986441338,1.559867084,3.773476754,62.82755502
-2.811030414,1.904310308,3.608904451,66.91869923,-2.935409612,2.382581791,3.642940075,61.85509788,-2.972805165,1.645429414,3.737355969,60.5721369,-2.956675713,1.325119154,3.753633004,65.91894506
-2.850717914,1.750736896,3.589060701,60.11718619,-2.925487737,2.075434967,3.6330182,61.33986621,-2.952961415,2.167579014,3.727434094,64.67579226,-2.926910088,2.05788372,3.743711129,62.5102269
-2.830874164,1.715634402,3.569216951,64.97378497,-2.885800237,2.386969603,3.61317445,61.88694443,-2.933117665,1.169152391,3.697668469,62.99133727,-2.907066338,1.478692566,3.733789254,66.07249092
-2.811030414,1.873595626,3.559295076,61.17267183,-2.836190862,1.68491972,3.5933307,60.58578542,-2.92319579,2.231202285,3.687746594,63.14488313,-2.877300713,2.250947438,3.694101754,61.65946908
-2.741577289,1.447977884,3.539451326,60.79051323,-2.875878362,2.457174591,3.563565075,63.88872754,-2.90335204,1.483080378,3.677824719,64.58935162,-2.867378838,1.737573461,3.684179879,64.03544914
-2.721733539,2.286049932,3.509685701,64.20264352,-2.8411518,1.474304755,3.5536432,62.54662296,-2.88350829,1.875789531,3.648059094,59.70318105,-2.857456963,1.967933579,3.674258004,61.53663239
-2.632436664,1.851656567,3.499763826,60.21727535,-2.806425237,2.672177368,3.53379945,62.7695488,-2.86366454,2.25533525,3.638137219,64.25723761,-2.837613213,1.786936343,3.644492379,64.71673782
-2.612592914,1.869207814,3.479920076,63.22677426,-2.796503362,2.005229979,3.5139557,61.15561117,-2.80413329,1.619102543,3.618293469,61.42175734,-2.817769463,1.829717508,3.634570504,63.25179655
-2.592749164,2.119313085,3.450154451,58.67044295,-2.697284612,2.237784002,3.504033825,60.16268126,-2.814055165,2.60965105,3.598449719,62.53069968,-2.797925713,1.559867084,3.624648629,63.27795621
-2.553061664,1.127667625,3.440232576,60.50389429,-2.677440862,2.286049932,3.4742682,62.07802373,-2.789250478,1.865916955,3.578605969,63.95697014,-2.788003838,1.915279837,3.604804879,62.93333106
-2.543139789,2.224620567,3.420388826,60.80074962,-2.667518987,1.974515296,3.464346325,58.47026464,-2.76444579,1.783645484,3.558762219,60.55166411,-2.768160088,1.793518061,3.594883004,60.93382271
-2.523296039,1.424941872,3.390623201,59.04691466,-2.657597112,1.671756284,3.45442445,61.26138721,-2.72475829,2.257529155,3.548840344,63.19265296,-2.748316338,1.787594515,3.555195504,62.30744887
-2.493530414,2.014005602,3.331091951,60.85534371,-2.617909612,1.931734132,3.444502575,61.36033899,-2.70491454,1.766094237,3.528996594,60.46749823,-2.728472588,1.303180096,3.545273629,62.34985678
-2.463764789,1.588387861,3.311248201,60.27186943,-2.578222112,1.812166261,3.41473695,59.70773056,-2.694992665,2.260820014,3.519074719,61.11466561,-2.718550713,1.622393402,3.525429879,63.24724704
-2.458803852,1.59935739,3.301326326,60.50389429,-2.538534612,1.849462661,3.404815075,62.03935292,-2.675148915,1.428232731,3.499230969,61.70496415,-2.698706963,1.902116402,3.495664254,59.61332828
-2.453842914,1.864820002,3.281482576,60.92017418,-2.548456487,1.648720272,3.384971325,59.72137908,-2.655305165,2.339800626,3.469465344,60.27528156,-2.668941338,1.926249367,3.475820504,61.3842239
-2.404233539,1.992066543,3.251716951,57.86972971,-2.558378362,1.698083155,3.37504945,60.62331885,-2.635461415,1.526958496,3.449621594,62.88328648,-2.659019463,1.768288143,3.465898629,61.14537478
-2.394311664,1.452365696,3.241795076,59.68157089,-2.459159612,2.435235532,3.3552057,59.96705246,-2.595773915,1.454559602,3.439699719,58.99800746,-2.649097588,1.809972355,3.446054879,59.84421577
-2.349663227,2.334315861,3.212029451,58.36790073,-2.454198675,1.621296449,3.33536195,59.42566112,-2.556086415,1.98329092,3.429777844,61.19996887,-2.629253838,1.444687025,3.416289254,60.94064697
-2.305014789,1.744155178,3.192185701,59.23458182,-2.449237737,1.978903108,3.325440075,61.51388486,-2.50647704,1.71124659,3.419855969,60.36058482,-2.599488213,1.777063767,3.396445504,60.31281499
-2.285171039,1.86043219,3.172341951,59.15610283,-2.429393987,1.48746819,3.305596325,59.51437651,-2.501516103,1.987678732,3.390090344,59.51210175,-2.579644463,1.833008367,3.386523629,61.10442922
-2.245483539,1.592775672,3.162420076,57.56263798,-2.389706487,2.123700896,3.29567445,59.88971084,-2.496555165,1.76719119,3.380168469,60.98841679,-2.559800713,1.721777338,3.356758004,60.06714161
-2.235561664,1.737573461,3.142576326,59.21069691,-2.379784612,1.698083155,3.265908825,59.77369841,-2.48663329,1.992066543,3.370246594,60.23092387,-2.549878838,1.549994508,3.346836129,60.7040726
-2.185952289,1.847268755,3.073123201,57.13270956,-2.369862737,2.044720285,3.25598695,59.38471555,-2.44694579,1.513795061,3.350402844,61.0907807,-2.530035088,1.658592849,3.336914254,59.10264612
-2.156186664,1.873595626,3.053279451,57.17820463,-2.350018987,1.948188426,3.246065075,60.11263668,-2.437023915,1.496243813,3.330559094,60.69497359,-2.520113213,1.898825543,3.317070504,60.54029035
-2.146264789,1.709052684,3.043357576,59.029854,-2.290487737,1.967933579,3.21629945,59.38471555,-2.42710204,2.066659343,3.320637219,59.74412661,-2.510191338,1.615811684,3.237695504,59.16292709
-2.116499164,1.842880943,3.013591951,57.81968513,-2.310331487,1.667368472,3.206377575,59.5246129,-2.337805165,1.658592849,3.300793469,60.67677556,-2.490347588,2.119313085,3.227773629,59.11856939
-2.056967914,1.891146873,3.003670076,57.27829379,-2.30537055,1.772675955,3.186533825,58.71593802,-2.32788329,1.930637179,3.290871594,59.26529099,-2.470503838,1.640164039,3.207929879,59.29258804
-2.037124164,1.505019437,2.983826326,58.30193288,-2.300409612,2.075434967,3.17661195,58.66134393,-2.317961415,1.71124659,3.271027844,60.46749823,-2.450660088,1.65530199,3.188086129,58.68409147
-2.017280414,1.941606708,2.963982576,57.10541252,-2.260722112,1.641041602,3.1567682,59.37789129,-2.30803954,1.780354626,3.251184094,59.58261911,-2.430816338,1.611789523,3.178164254,58.64257722
-2.007358539,1.773772908,2.934216951,57.05991745,-2.201190862,1.917473743,3.146846325,58.5749033,-2.298117665,1.656712358,3.241262219,59.33922048,-2.391128838,1.717828308,3.168242379,58.63177214
-1.997436664,1.777063767,2.914373201,57.02157161,-2.171425237,1.820941884,3.127002575,59.36196802,-2.258430165,1.834653796,3.231340344,59.95795344,-2.381206963,1.882371249,3.148398629,58.72617441
-1.987514789,1.819844931,2.894529451,57.1554571,-2.176386175,1.794615014,3.1170807,59.35741851,-2.238586415,1.919981064,3.221418469,58.87289601,-2.371285088,1.82478122,3.138476754,58.59310133
-1.937905414,1.557673178,2.884607576,56.22508291,-2.159022894,1.564254896,3.107158825,57.90677569,-2.22866454,2.099567932,3.181730969,59.01620548,-2.361363213,1.573030519,3.118633004,58.14724964
-1.937905414,1.877983437,2.834998201,56.67775886,-2.141659612,1.869207814,3.0773932,58.15179914,-2.238586415,1.851656567,3.171809094,59.08786022,-2.341519463,1.68491972,3.108711129,58.56580429
-1.937905414,1.702470967,2.805232576,56.07267442,-2.121815862,2.02058732,3.05754945,58.59765083,-2.22866454,1.760609473,3.161887219,59.37106703,-2.331597588,1.944897567,3.098789254,58.22459126
-1.868452289,1.898825543,2.775466951,56.05447639,-2.111893987,1.820941884,3.0377057,57.84438245,-2.218742665,1.891146873,3.142043469,59.50072798,-2.301831963,1.718768553,3.059101754,58.20411847
-1.858530414,1.71124659,2.765545076,56.19778586,-2.062284612,1.818747978,3.01786195,57.91067527,-2.10960204,1.750736896,3.132121594,59.14814119,-2.291910088,1.886132231,3.049179879,58.26553682
-1.838686664,1.783645484,2.735779451,55.76785745,-2.052362737,1.793518061,3.007940075,58.62039837,-2.08975829,1.948188426,3.122199719,59.53484929,-2.281988213,1.642138555,3.039258004,58.32468041
-1.798999164,1.833008367,2.725857576,55.36750083,-2.002753362,2.027169038,2.988096325,57.89702675,-2.08975829,1.851656567,3.092434094,59.23116969,-2.262144463,1.658592849,3.029336129,57.90726314
-1.769233539,2.014005602,2.706013826,55.2560379,-1.972987737,1.921861555,2.97817445,57.53192881,-2.08975829,1.747446037,3.032902844,58.43614333,-2.252222588,1.654205037,3.009492379,57.85153168
-1.764272602,2.122603944,2.686170076,55.4812385,-1.913456487,1.59935739,2.948408825,57.4784721,-2.059992665,2.125894802,3.013059094,57.76054154,-2.24726165,1.869207814,2.999570504,57.67182615
-1.759311664,1.750736896,2.666326326,55.04448583,-1.933300237,1.760609473,2.9186432,57.58311076,-2.040148915,1.926249367,2.993215344,58.08469391,-2.242300713,1.763900331,2.979726754,57.38293245
-1.699780414,1.75951252,2.656404451,54.90458848,-1.938261175,1.846171802,2.85911195,56.88703618,-1.99053954,1.665174567,2.973371594,57.80603661,-2.212535088,1.698083155,2.959883004,57.47392259
-1.679936664,1.614714731,2.596873201,54.51674301,-1.943222112,1.987678732,2.849190075,56.19778586,-1.995500478,1.781451578,2.963449719,57.72869499,-2.192691338,2.086404496,2.930117379,57.19412791
-1.650171039,1.913085932,2.577029451,54.80563671,-1.853925237,1.874849286,2.8392682,56.62771428,-2.000461415,1.76719119,2.943605969,57.45344981,-2.182769463,1.818199502,2.920195504,56.84950275
-1.620405414,1.813263214,2.557185701,54.29381716,-1.858886175,1.747446037,2.81942445,56.49395877,-1.960773915,1.829717508,2.933684094,57.22483708,-2.172847588,1.859335237,2.900351754,57.14977022
-1.615444477,1.627878167,2.537341951,53.63527602,-1.811757269,1.609229966,2.809502575,56.60041724,-1.955812978,1.575224425,2.923762219,57.37838294,-2.162925713,1.724410025,2.880508004,56.90409683
-1.610483539,2.198293697,2.507576326,54.2528716,-1.764628362,1.793518061,2.789658825,56.19437373,-1.95085204,1.884565155,2.913840344,57.03262041,-2.153003838,1.730991743,2.870586129,57.11906104
-1.541030414,1.882371249,2.497654451,53.86161399,-1.744784612,1.916220083,2.769815075,56.35669365,-1.921086415,1.825329696,2.893996594,57.24872199,-2.113316338,1.971224437,2.860664254,56.34109534
-1.521186664,1.786936343,2.477810701,53.74787632,-1.715018987,1.786936343,2.7598932,55.84064956,-1.896281728,1.915279837,2.884074719,56.61747789,-2.113316338,1.882371249,2.840820504,56.38886516
-1.501342914,1.744155178,2.457966951,53.79223401,-1.625722112,1.777063767,2.749971325,55.52900833,-1.87147704,1.862027758,2.844387219,56.59359298,-2.113316338,1.628975119,2.820976754,56.61747789
-1.481499164,1.755124708,2.443084138,53.47831802,-1.635643987,1.958061002,2.730127575,56.13977965,-1.861555165,1.971224437,2.834465344,56.52762513,-2.093472588,1.68491972,2.801133004,56.16707669
-1.471577289,1.794615014,2.428201326,53.44078459,-1.645565862,2.078506435,2.7202057,55.53242046,-1.846672353,1.807778449,2.814621594,56.39113991,-2.024019463,1.763900331,2.791211129,55.73032401
-1.431889789,1.794615014,2.398435701,53.12004434,-1.655487737,1.75951252,2.70036195,55.54948111,-1.83178954,1.856044379,2.804699719,56.58335659,-2.014097588,1.919468203,2.761445504,56.35815599
-1.412046039,1.89026931,2.378591951,53.63868815,-1.605878362,1.803390637,2.690440075,55.30380773,-1.81194579,1.777063767,2.784855969,56.39113991,-1.984331963,1.849462661,2.751523629,55.71326336
-1.402124164,1.799002826,2.328982576,50.54957286,-1.600917425,1.899922496,2.66067445,55.21281759,-1.79210204,1.744155178,2.774934094,56.13977965,-1.994253838,1.716511964,2.731679879,55.8190394
-1.392202289,1.665174567,2.309138826,50.26295391,-1.595956487,2.027169038,2.630908825,55.18877019,-1.782180165,2.040332473,2.765012219,56.20461012,-1.96944915,1.856044379,2.721758004,55.45052933
-1.372358539,1.523667637,2.269451326,48.91357012,-1.566190862,1.763900331,2.62098695,54.85795604,-1.77225829,1.790227202,2.755090344,55.72691188,-1.944644463,1.882371249,2.711836129,55.38228673
-1.352514789,1.874849286,2.259529451,47.09649701,-1.536425237,1.829717508,2.611065075,54.69644854,-1.742492665,1.8201441,2.735246594,56.29560027,-1.914878838,1.71289202,2.706875191,55.03083731
-1.302905414,2.395745226,2.229763826,47.51960116,-1.466972112,2.031556849,2.591221325,54.56223808,-1.71272704,1.875789531,2.715402844,55.78150597,-1.904956963,2.010244621,2.701914254,55.23215299
-1.273139789,1.730991743,2.219841951,46.27189885,-1.486815862,1.867013908,2.5614557,54.87160456,-1.69288329,1.913085932,2.685637219,55.42664442,-1.979371025,1.884016679,2.672148629,55.11955269
-1.263217914,1.559867084,2.199998201,46.20024412,-1.447128362,1.917473743,2.551533825,54.28358077,-1.67303954,1.615811684,2.675715344,55.43688081,-1.907437431,1.777063767,2.662226754,54.79198819
-1.233452289,1.801510147,2.180154451,45.58264853,-1.457050237,1.842880943,2.531690075,54.34841125,-1.663117665,1.777063767,2.655871594,55.10249204,-1.835503838,1.816554073,2.642383004,55.21736709
-1.238413227,1.575224425,2.140466951,43.61726149,-1.43224555,1.81918676,2.50192445,53.43396033,-1.65319579,1.826426649,2.636027844,55.14457498,-1.805738213,1.90869812,2.632461129,54.61943188
-1.211128071,1.669875793,2.110701326,42.55608897,-1.407440862,1.665174567,2.492002575,54.3313506,-1.623430165,1.87908039,2.616184094,54.82610949,-1.795816338,1.579612237,2.592773629,54.19827751
-1.183842914,1.715634402,2.090857576,42.93434798,-1.397518987,1.733812479,2.472158825,53.3964269,-1.603586415,1.641041602,2.606262219,54.49399547,-1.785894463,1.911988979,2.582851754,54.51901776
-1.154077289,1.829717508,2.080935701,41.89413569,-1.337987737,1.842880943,2.46223695,53.96170315,-1.57382079,1.781451578,2.586418469,54.64867871,-1.780933525,1.895534684,2.563008004,54.30064142
-1.144155414,1.707955731,2.061091951,40.36777608,-1.357831487,1.733185649,2.4423932,53.26676595,-1.55397704,1.803390637,2.566574719,54.26652012,-1.775972588,1.72989479,2.553086129,53.67768392
-1.134233539,2.000842167,2.041248201,40.50198653,-1.318143987,2.171966826,2.42254945,53.33387117,-1.549016103,1.90869812,2.546730969,54.60318364,-1.736285088,1.965739673,2.533242379,53.99696183
-1.114389789,1.754027755,2.031326326,40.16304826,-1.278456487,2.139058238,2.412627575,53.86730088,-1.544055165,1.694792296,2.487199719,53.56589603,-1.716441338,2.000842167,2.523320504,54.04473165
-1.054858539,1.833008367,2.011482576,39.94922143,-1.248690862,1.869207814,2.38286195,53.25198005,-1.524211415,1.83410532,2.477277844,54.08226509,-1.686675713,1.712343543,2.513398629,54.23581095
-1.015171039,1.74086432,2.001560701,41.42326171,-1.228847112,1.83410532,2.372940075,53.32136003,-1.504367665,1.66696958,2.457434094,54.12321065,-1.656910088,1.770482049,2.493554879,53.74939282
-0.955639789,1.829717508,1.981716951,40.62482322,-1.209003362,1.545387305,2.353096325,52.44216779,-1.484523915,1.82313579,2.437590344,53.72057927,-1.656910088,1.885662108,2.473711129,53.70351862
-0.915952289,1.777063767,1.961873201,40.07205812,-1.189159612,1.917473743,2.333252575,51.77702986,-1.479562978,1.747446037,2.417746594,53.34865707,-1.656910088,1.622393402,2.463789254,53.76932399
-0.906030414,1.638847696,1.951951326,39.61710741,-1.179237737,1.68491972,2.293565075,50.6701348,-1.47460204,1.808326926,2.397902844,53.6750842,-1.627144463,1.856044379,2.453867379,53.62503963
-0.886186664,1.576321378,1.902341951,39.96286995,-1.184198675,2.152221673,2.2836432,50.24703064,-1.43491454,1.750736896,2.387980969,53.35889346,-1.597378838,1.66973114,2.443945504,54.00719822
-0.866342914,1.662980661,1.882498201,39.31456519,-1.161874456,1.838493131,2.273721325,50.18106279,-1.405148915,1.746349084,2.378059094,53.51585146,-1.577535088,1.746349084,2.424101754,53.26676595
-0.861381977,1.721119167,1.862654451,39.64440445,-1.139550237,1.957590879,2.26379945,48.91175032,-1.35553954,1.724410025,2.348293469,52.78338082,-1.567613213,1.661883708,2.404258004,53.46125737
-0.856421039,1.882371249,1.852732576,39.06889181,-1.129628362,1.875789531,2.253877575,47.91540828,-1.385305165,1.779696454,2.338371594,52.50586089,-1.547769463,1.765545761,2.394336129,52.61504906
-0.786967914,1.408487578,1.832888826,38.39783952,-1.080018987,1.627878167,2.2439557,47.10104651,-1.370422353,1.87908039,2.298684094,50.76226231,-1.537847588,1.883567925,2.374492379,52.50244876
-0.777046039,1.806681496,1.803123201,38.21585924,-1.050253362,1.645429414,2.22411195,46.73253644,-1.35553954,1.747446037,2.288762219,50.49952828,-1.527925713,1.716182878,2.364570504,51.94354182
-0.757202289,1.671756284,1.793201326,38.37509199,-1.030409612,1.895534684,2.214190075,46.52325912,-1.31585204,1.68491972,2.278840344,50.68150856,-1.498160088,1.837944655,2.354648629,51.79954992
-0.747280414,1.891146873,1.783279451,39.36688452,-1.010565862,2.277274308,2.194346325,45.66340228,-1.31585204,1.762019841,2.268918469,49.53633265,-1.458472588,1.727700884,2.334804879,50.87486261
-0.737358539,1.601551296,1.763435701,37.97928487,-0.990722112,1.939412802,2.18442445,45.80898651,-1.31585204,2.027169038,2.258996594,48.97544342,-1.438628838,1.939961279,2.324883004,50.71638812
-0.727436664,2.031556849,1.743591951,36.91470022,-0.980800237,1.750736896,2.174502575,44.60848534,-1.266242665,1.886759061,2.239152844,47.72887849,-1.448550713,1.810703657,2.314961129,50.42104928
-0.697671039,1.816554073,1.733670076,36.88285367,-0.951034612,2.180742449,2.154658825,44.71710482,-1.23647704,1.78583939,2.229230969,47.49002937,-1.438628838,1.743423876,2.295117379,49.76796755
-0.628217914,1.658592849,1.723748201,36.60533374,-0.931190862,2.040332473,2.14473695,44.41228785,-1.21663329,1.715634402,2.219309094,47.10884567,-1.428706963,1.790227202,2.285195504,48.64878881
-0.618296039,1.601551296,1.693982576,37.15127459,-0.91630805,1.676144096,2.1248932,44.22803281,-1.19678954,1.695889249,2.209387219,46.14110053,-1.389019463,1.85275352,2.275273629,47.66746014
-0.588530414,2.215218113,1.674138826,37.9633616,-0.901425237,1.974515296,2.10504945,42.98260525,-1.17694579,1.895534684,2.189543469,46.61424926,-1.379097588,1.816554073,2.265351754,47.08739799
-0.519077289,1.790227202,1.664216951,36.64969144,-0.891503362,1.627878167,2.0852057,43.31699402,-1.15710204,1.820941884,2.169699719,45.804437,-1.359253838,1.607584537,2.245508004,46.41179619
-0.499233539,1.421651013,1.634451326,36.53709114,-0.881581487,2.448398967,2.06536195,42.00559861,-1.13725829,1.765780822,2.159777844,45.26532042,-1.329488213,1.974515296,2.225664254,46.56875419
-0.449624164,2.13247652,1.614607576,36.92119952,-0.841893987,1.689307531,2.0455182,40.73401139,-1.09757079,1.735379555,2.139934094,44.28945115,-1.319566338,1.714537449,2.215742379,45.79230498
-0.449624164,1.513795061,1.604685701,37.44699255,-0.802206487,1.772675955,2.02567445,40.09025615,-1.087648915,1.680531908,2.120090344,43.95733714,-1.289800713,1.794615014,2.205820504,46.01940121
-0.449624164,1.943800614,1.584841951,37.41254628,-0.792284612,1.955501445,2.015752575,40.45762884,-1.07772704,1.814360167,2.100246594,42.94734657,-1.279878838,1.829717508,2.185976754,45.21755059
-0.409936664,1.395324143,1.564998201,35.72727888,-0.772440862,1.741961273,1.995908825,39.26338324,-1.01819579,1.750736896,2.080402844,42.81541087,-1.250113213,1.87140172,2.176054879,45.11518668
-0.400014789,2.145639955,1.555076326,34.63312244,-0.752597112,1.715634402,1.976065075,40.46786523,-0.99835204,1.777063767,2.070480969,42.42984015,-1.240191338,1.721119167,2.166133004,44.58630649
-0.380171039,1.706858778,1.525310701,34.75368437,-0.732753362,1.75951252,1.956221325,40.36891345,-0.97850829,1.877983437,2.060559094,42.21942545,-1.225308525,1.770482049,2.146289254,44.30309968
-0.340483539,1.872498673,1.515388826,34.94476367,-0.712909612,2.040332473,1.94629945,40.30408298,-0.968586415,1.891146873,2.050637219,41.01721821,-1.210425713,2.040332473,2.136367379,43.60020084
-0.320639789,1.886759061,1.485623201,35.4622701,-0.702987737,1.898825543,1.9264557,38.89487317,-0.95866454,1.895534684,2.030793469,40.723775,-1.200503838,1.842880943,2.126445504,42.56973749
-0.290874164,1.721119167,1.475701326,34.6399467,-0.693065862,1.807778449,1.916533825,39.40498665,-0.93882079,1.707485609,2.020871594,40.29043446,-1.190581963,1.777063767,2.106601754,42.94507182
-0.221421039,1.86043219,1.465779451,34.5273464,-0.673222112,1.63665379,1.896690075,38.84027908,-0.928898915,1.911988979,2.001027844,40.4985744,-1.170738213,1.642138555,2.096679879,42.47419784
-0.211499164,2.277274308,1.445935701,34.17930911,-0.603768987,1.641041602,1.8867682,40.29043446,-0.89913329,1.658592849,1.911730969,39.2360862,-1.160816338,1.90869812,2.086758004,42.20805168
-0.191655414,1.390936331,1.426091951,34.44545527,-0.593847112,2.000842167,1.876846325,39.73084509,-0.87928954,1.681628861,1.901809094,39.71037231,-1.140972588,1.800099778,2.066914254,40.97968477
-0.181733539,1.715634402,1.416170076,35.05395184,-0.583925237,1.926249367,1.86692445,39.3828078,-0.85944579,1.681628861,1.881965344,39.94922143,-1.131050713,1.612520825,2.056992379,40.18465842
-0.161889789,1.559867084,1.406248201,33.89382754,-0.564081487,1.705605118,1.8470807,39.93752269,-0.83960204,1.689307531,1.872043469,39.4612868,-1.121128838,1.74086432,2.047070504,40.30408298
-0.132124164,1.746349084,1.396326326,33.29556736,-0.544237737,1.892243826,1.837158825,39.22926194,-0.829680165,1.777063767,1.862121594,39.81728572,-1.111206963,1.760975124,2.037148629,40.12058619
-0.102358539,1.592775672,1.386404451,31.73963595,-0.524393987,1.820941884,1.8073932,38.87781252,-0.83960204,1.735379555,1.842277844,39.43398975,-1.101285088,1.816554073,2.017304879,40.5770534
-0.092436664,1.5871342,1.356638826,33.30239162,-0.504550237,1.86043219,1.78754945,38.2522553,-0.824719228,1.540121931,1.812512219,38.74815157,-1.071519463,1.793518061,2.007383004,39.84685752
-0.062671039,1.777063767,1.336795076,33.89610229,-0.494628362,2.221329708,1.7677057,39.38053305,-0.809836415,1.755124708,1.802590344,37.89170686,-1.051675713,1.698083155,1.997461129,40.63847175
-0.013061664,1.553285366,1.316951326,34.37607529,-0.464862737,1.816554073,1.757783825,39.19400326,-0.770148915,2.007423885,1.782746594,38.24900565,-1.041753838,1.681628861,1.957773629,39.14737081
0.001821148,1.342670401,1.287185701,33.35698571,-0.454940862,1.667368472,1.74786195,38.32114783,-0.76022704,1.755124708,1.772824719,38.53659949,-1.021910088,1.800099778,1.937929879,38.68332109
0.016703961,16.36215009,1.277263826,32.40500136,-0.405331487,1.645429414,1.7280182,36.15152041,-0.775109853,1.762019841,1.693449719,36.95564579,-1.002066338,1.777063767,1.928008004,39.30091667
0.056391461,35.17708696,1.257420076,32.29240106,-0.395409612,2.040332473,1.718096325,36.95109628,-0.747824697,1.724410025,1.673605969,37.98838389,-0.992144463,1.750736896,1.918086129,39.71264706
0.076235211,36.60751359,1.237576326,32.34244564,-0.375565862,1.987678732,1.70817445,36.55528917,-0.72053954,1.79680892,1.663684094,37.75635903,-0.972300713,1.71124659,1.898242379,39.9799306
0.096078961,38.90672696,1.217732576,31.76920775,-0.355722112,1.781451578,1.698252575,36.93972251,-0.70069579,1.737573461,1.643840344,36.52799212,-0.962378838,1.747446037,1.888320504,39.10642525
0.115922711,37.21303162,1.197888826,32.36405579,-0.345800237,1.732637173,1.678408825,37.2195172,-0.695734853,1.645429414,1.623996594,36.87147991,-0.9574179,1.720022214,1.878398629,40.11641581
0.135766461,37.58160781,1.168123201,31.4632534,-0.316034612,1.905407261,1.66848695,37.29458406,-0.690773915,1.99096959,1.604152844,37.07848248,-0.952456963,1.763900331,1.858554879,39.5479549
0.140727398,36.4232255,1.158201326,31.48713831,-0.306112737,1.71124659,1.6486432,37.79957934,-0.66100829,1.763900331,1.594230969,37.06119435,-0.912769463,2.023878179,1.848633004,38.87098826
0.145688336,36.24332522,1.138357576,31.21758002,-0.286268987,1.68491972,1.618877575,37.18539589,-0.631242665,1.777063767,1.574387219,37.46519058,-0.902847588,2.017296461,1.828789254,38.27825248
0.205219586,36.84664934,1.098670076,31.38340955,-0.276347112,1.882371249,1.6089557,37.1603736,-0.60147704,1.768288143,1.554543469,37.26046276,-0.883003838,1.653656561,1.808945504,37.9633616
0.215141461,35.77821717,1.078826326,31.14933741,-0.236659612,1.707955731,1.599033825,37.28093554,-0.571711415,1.89772859,1.534699719,34.68999127,-0.863160088,1.938315849,1.789101754,38.85733973
0.274672711,38.97693195,1.058982576,29.72818515,-0.226737737,1.65530199,1.58911195,37.06028445,-0.56178954,1.727700884,1.524777844,34.81282796,-0.853238213,1.790227202,1.779179879,38.90510956
0.314360211,37.17354131,1.049060701,30.5965723,-0.196972112,1.733812479,1.579190075,37.12397755,-0.551867665,1.921861555,1.514855969,34.7718824,-0.833394463,1.747811688,1.769258004,38.43423558
0.324282086,37.06823383,1.029216951,29.85614003,-0.206893987,2.145639955,1.559346325,37.04891068,-0.532023915,1.763900331,1.495012219,35.11537018,-0.823472588,1.750736896,1.759336129,36.59168522
0.344125836,37.43681002,1.019295076,28.9962832,-0.1820893,1.85275352,1.54942445,34.78553092,-0.48241454,1.687552407,1.485090344,36.05484339,-0.783785088,1.728171007,1.739492379,37.16492311
0.349086773,38.04671585,1.009373201,28.93486485,-0.157284612,1.867562384,1.539502575,34.6399467,-0.46257079,2.069950202,1.475168469,35.91835818,-0.773863213,1.709783986,1.729570504,36.64627931
0.354047711,37.85803995,0.989529451,29.02585499,-0.127518987,1.813263214,1.519658825,34.75595913,-0.42288329,1.665174567,1.465246594,35.50890254,-0.754019463,1.938315849,1.719648629,36.56711788
0.393735211,36.65358562,0.979607576,29.28290214,-0.117597112,1.78583939,1.50973695,35.06760036,-0.40303954,1.788033296,1.455324719,34.44431789,-0.734175713,1.763900331,1.709726754,36.89877695
0.413578961,37.51725323,0.949841951,28.44351809,-0.107675237,1.703348529,1.4898932,35.05486174,-0.393117665,1.799002826,1.425559094,34.08035733,-0.704410088,1.73921889,1.699804879,37.69039118
0.433422711,37.93043884,0.929998201,28.4489775,-0.087831487,1.842880943,1.479971325,35.6089917,-0.36335204,1.794615014,1.395793469,33.85743148,-0.674644463,1.812166261,1.679961129,36.8032373
0.433422711,38.22003442,0.920076326,27.67578878,-0.058065862,1.861309753,1.420440075,33.74596856,-0.34350829,1.720022214,1.366027844,32.79057208,-0.664722588,1.623490355,1.670039254,36.50638196
0.433422711,38.56886545,0.880388826,28.46399087,-0.028300237,1.654205037,1.4105182,34.3851743,-0.293898915,1.885662108,1.346184094,32.63816359,-0.654800713,1.828072079,1.660117379,36.90560121
0.463188336,37.40170752,0.870466951,27.30386657,0.001465388,1.961351861,1.400596325,35.17906328,-0.26413329,1.770988335,1.336262219,32.26055451,-0.634956963,1.680531908,1.650195504,36.61079315
0.522719586,38.2858516,0.860545076,28.29338436,0.011387263,1.989872638,1.39067445,34.52620902,-0.22444579,1.873595626,1.326340344,33.31604014,-0.625035088,1.652011131,1.630351754,37.18949045
0.542563336,38.64126435,0.840701326,27.2879433,0.031231013,7.66111935,1.3708307,34.13950092,-0.20460204,1.79680892,1.316418469,33.95297113,-0.605191338,1.895534684,1.610508004,37.03185003
0.572328961,37.89094854,0.830779451,26.82958046,0.041152888,34.23370743,1.35098695,32.46300757,-0.18475829,1.688210578,1.306496594,34.42611987,-0.595269463,1.781451578,1.600586129,37.40718436
0.602094586,38.7356023,0.810935701,25.39307361,0.060996638,34.75476007,1.3311432,33.35971541,-0.179797353,1.763900331,1.286652844,34.58535261,-0.575425713,1.74086432,1.580742379,36.99022204
0.612016461,39.05591256,0.791091951,25.36805132,0.070918513,36.88394574,1.31129945,34.7081893,-0.174836415,1.720022214,1.266809094,33.46162437,-0.565503838,1.662980661,1.570820504,36.53254163
0.621938336,38.99009538,0.771248201,25.64898338,0.100684138,38.48800435,1.2914557,34.54895656,-0.115305165,1.777063767,1.246965344,32.47438134,-0.535738213,1.523667637,1.550976754,34.92997777
0.641782086,39.16122004,0.741482576,26.43946023,0.130449763,37.05068258,1.281533825,33.8665305,-0.095461415,1.746349084,1.217199719,32.20368567,-0.525816338,1.885662108,1.531133004,34.89585647
0.681469586,38.63687654,0.731560701,25.54661948,0.145332575,36.60312578,1.27161195,33.61630761,-0.075617665,2.100884275,1.187434094,31.97393556,-0.515894463,1.937657677,1.501367379,35.63628874
0.701313336,41.4187492,0.721638826,26.34847009,0.160215388,36.48575182,1.23192445,32.01488113,-0.04585204,1.692232739,1.167590344,32.24235648,-0.505972588,1.777063767,1.491445504,35.84101656
0.721157086,40.74083228,0.701795076,26.18176316,0.189981013,35.90546371,1.222002575,31.82380183,-0.02600829,1.734940774,1.147746594,31.75100972,-0.496050713,1.895534684,1.481523629,34.16566059
0.741000836,40.34154141,0.681951326,25.31800675,0.219746638,35.37344153,1.19223695,31.70096514,-0.016086415,1.691501437,1.137824719,31.10952922,-0.476206963,1.605939108,1.451758004,34.18044648
0.800532086,38.16079896,0.672029451,23.68018421,0.239590388,35.69484875,1.182315075,32.01033162,-0.00616454,1.698083155,1.127902844,31.32335606,-0.456363213,2.145639955,1.441836129,33.82785969
0.820375836,38.45039454,0.652185701,23.91675857,0.244551325,35.3997684,1.1723932,32.08084898,0.01367921,1.728797837,1.098137219,31.60542549,-0.446441338,1.700715842,1.421992379,34.71842569
0.860063336,38.97693195,0.632341951,24.46497417,0.249512263,35.38331411,1.15254945,31.55083141,0.03352296,33.73130298,1.088215344,31.40524718,-0.436519463,1.691501437,1.412070504,34.62781468
0.889828961,39.17877129,0.622420076,24.81301146,0.269356013,36.07768532,1.1327057,31.26193771,0.063288585,33.78176281,1.078293469,31.50988584,-0.396831963,1.842880943,1.402148629,34.60582539
0.899750836,40.4117464,0.602576326,24.79936294,0.309043513,38.12130865,1.11286195,31.2721741,0.07321046,34.08671573,1.058449719,31.3682012,-0.376988213,1.805584543,1.392226754,33.16931854
0.929516461,41.37267718,0.572810701,23.71430551,0.328887263,37.12088757,1.083096325,31.69966528,0.09305421,37.16695959,1.048527844,30.5965723,-0.367066338,1.695450468,1.382304879,32.68308998
0.939438336,41.3814528,0.562888826,24.04869428,0.348731013,36.88833355,1.043408825,30.46008709,0.102976085,37.98528649,1.028684094,29.98238885,-0.357144463,1.762019841,1.352539254,33.52986698
0.998969586,41.46043341,0.552966951,21.55556441,0.358652888,38.34947487,1.03348695,30.22692486,0.038483897,37.96005657,1.018762219,30.49762053,-0.337300713,1.740206148,1.342617379,34.10424224
0.989047711,41.85972428,0.533123201,20.97436489,0.368574763,37.0945607,1.0136432,29.9949,0.085612803,37.08139726,1.008840344,29.13959267,-0.327378838,1.885662108,1.332695504,34.752547
0.994008648,41.88166334,0.513279451,21.40868033,0.388418513,37.70227263,1.003721325,28.78928063,0.13274171,36.88833355,0.988996594,29.23513232,-0.317456963,1.816554073,1.312851754,34.13665748
0.998969586,40.70134197,0.493435701,22.10475491,0.398340388,37.34466597,0.983877575,29.10205924,0.162507335,36.52853298,0.979074719,29.17030184,-0.307535088,1.68491972,1.302929879,33.28191884
1.048578961,41.51308715,0.483513826,21.91952498,0.408262263,38.09059397,0.964033825,28.96898616,0.17242921,36.30146372,0.969152844,29.11684514,-0.292652275,1.71124659,1.293008004,32.82128125
1.098188336,42.35554701,0.463670076,21.1597573,0.447949763,38.2858516,0.944190075,28.71648851,0.202194835,36.40348035,0.949309094,28.83591307,-0.277769463,1.833008367,1.273164254,32.36064366
1.127953961,42.51263067,0.443826326,21.08696519,0.457871638,39.14147489,0.9342682,28.59365182,0.23196046,35.18586258,0.929465344,28.61639936,-0.257925713,1.872498673,1.263242379,32.26510402
1.147797711,42.82504287,0.423982576,20.9641285,0.467793513,37.63426155,0.91442445,28.47991415,0.241882335,35.6772975,0.909621594,28.17737193,-0.238081963,1.733185649,1.243398629,31.91024247
1.167641461,42.75045007,0.414060701,20.65476202,0.497559138,37.68033357,0.8945807,28.40939679,0.25180421,34.94453293,0.899699719,28.33887943,-0.228160088,1.816554073,1.223554879,31.52535417
1.207328961,42.33799576,0.404138826,20.54443647,0.507481013,36.81374075,0.864815075,27.52224291,0.261726085,35.83525872,0.879855969,27.96923198,-0.208316338,1.74086432,1.213633004,32.11497028
1.237094586,43.61177752,0.374373201,20.41818765,0.537246638,38.64784607,0.844971325,27.93852281,0.281569835,37.10772414,0.869934094,28.12050309,-0.198394463,1.803390637,1.183867379,32.36746792
1.256938336,43.35048333,0.354529451,20.2885267,0.557090388,39.1085663,0.825127575,28.38892401,0.29149171,37.81854964,0.800480969,26.61916576,-0.178550713,1.809972355,1.173945504,31.40979669
1.276782086,42.41258856,0.344607576,21.15065829,0.586856013,38.25623387,0.8152057,27.43807703,0.301413585,37.12417843,0.790559094,24.91196324,-0.148785088,1.744155178,1.164023629,31.29995859
1.356157086,43.45249995,0.314841951,21.81488632,0.596777888,38.70708153,0.805283825,26.11871999,0.321257335,36.39251082,0.770715344,25.60007618,-0.138863213,1.849462661,1.154101754,31.13568889
1.376000836,43.917608,0.304920076,20.54443647,0.616621638,39.05591256,0.79536195,25.67534985,0.33117921,37.22619505,0.750871594,26.24951832,-0.119019463,1.701374014,1.134258004,31.73281169
1.405766461,43.52270494,0.285076326,19.81424059,0.626543513,38.92866602,0.7755182,25.49884965,0.35102296,36.76218396,0.721105969,26.11417048,-0.089253838,1.856044379,1.124336129,31.63385991
1.415688336,44.86318144,0.275154451,21.25074744,0.636465388,39.56599568,0.765596325,26.24610619,0.360944835,38.16079896,0.711184094,26.00725706,-0.079331963,1.815237729,1.094570504,31.40865931
1.445453961,44.5494529,0.255310701,21.69432438,0.666231013,39.23581284,0.745752575,25.77295745,0.39071046,37.04190696,0.701262219,25.99360854,-0.069410088,1.806681496,1.064804879,30.39252691
1.465297711,44.21159139,0.235466951,21.2575717,0.686074763,38.83213416,0.725908825,26.01863083,0.400632335,37.16476569,0.681418469,26.89099881,-0.039644463,1.735379555,1.044961129,30.61363296
1.475219586,44.41343073,0.215623201,18.94414737,0.695996638,41.21471595,0.71598695,25.87759611,0.420476085,36.75231138,0.621887219,24.29891717,0.019886787,1.619102543,1.035039254,29.74695186
1.514907086,45.21640029,0.205701326,18.88614115,0.705918513,41.1225719,0.706065075,25.80935351,0.440319835,38.29619429,0.592121594,24.49454597,0.029808662,1.708613903,1.025117379,29.02699237
1.524828961,45.17879047,0.156091951,19.84836189,0.725762263,40.30643892,0.67629945,26.37089266,0.45024171,39.13489317,0.582199719,24.0964641,0.039730537,16.35776228,1.005273629,29.30678705
1.554594586,46.36161916,0.146170076,20.86176459,0.745606013,41.11269933,0.6564557,24.21588866,0.47008546,38.48988484,0.552434094,23.64833766,0.059574287,34.23809524,0.985429879,28.70113393
1.643891461,46.98359148,0.116404451,21.08111582,0.765449763,39.34550814,0.63661195,23.72112977,0.48992921,37.96071474,0.522668469,22.35627766,0.069496162,35.57637783,0.965586129,28.75938387
1.663735211,46.66437817,0.096560701,20.97777702,0.775371638,38.70049981,0.6167682,24.26707062,0.50977296,37.41706487,0.512746594,21.81033681,0.089339912,37.83171308,0.945742379,28.55725577
1.683578961,46.2299848,0.086638826,20.41136339,0.785293513,38.54253858,0.606846325,24.16811884,0.539538585,37.83171308,0.502824719,21.10061371,0.099261787,37.66058842,0.935820504,27.66214026
1.693500836,46.40988509,0.066795076,14.01248172,0.795215388,38.00283774,0.59692445,24.68562527,0.559382335,38.31876018,0.492902844,21.72844568,0.109183662,38.17835021,0.915976754,28.32341111
1.713344586,47.89735328,0.027107576,12.42015425,0.805137263,38.24636129,0.567158825,24.16811884,0.56930421,38.43986379,0.473059094,21.85583188,0.148871162,36.88394574,0.886211129,27.51200652
1.733188336,48.04215107,0.007263826,7.400910597,0.834902888,38.35495963,0.55723695,24.07599132,0.58914796,37.91233912,0.463137219,21.82853484,0.188558662,36.1829928,0.866367379,27.95728953
1.743110211,47.52329232,-0.032423674,0.696074579,0.839863825,38.9966771,0.547315075,23.66653569,0.599069835,38.11253303,0.453215344,21.38040839,0.198480537,36.015159,0.846523629,28.10503477
1.772875836,47.27647791,-0.091954924,1.000891552,0.844824763,39.17438348,0.5373932,22.00482824,0.60899171,39.40254969,0.413527844,20.96261199,0.228246162,36.13362992,0.826679879,26.87588795
1.782797711,47.25234495,-0.101876799,2.559097717,0.884512263,39.88082117,0.51754945,20.93228195,0.618913585,38.789353,0.403605969,21.37358413,0.238168037,35.81770748,0.821718941,25.24157503
1.802641461,47.39714274,-0.131642424,1.187421341,0.894434138,39.91482671,0.47786195,21.97753119,0.638757335,38.87820618,0.383762219,20.84470394,0.258011787,35.36137505,0.816758004,24.97679372
1.822485211,46.70825629,-0.141564299,2.270204019,0.973809138,41.99135863,0.4580182,21.79213878,0.64867921,39.80622837,0.373840344,20.51031517,0.267933662,35.41402879,0.777070504,25.90279338
1.882016461,48.836345,-0.171329924,2.538624935,0.993652888,41.78074367,0.448096325,21.10516322,0.678444835,39.23032808,0.353996594,20.07242512,0.297699287,37.80012083,0.737383004,26.529313
1.901860211,48.82318156,-0.191173674,2.201961413,1.003574763,40.6914694,0.4183307,21.10743797,0.68836671,39.61535856,0.344074719,20.50690304,0.317543037,37.14282663,0.717539254,26.2552052
1.921703961,48.52042255,-0.211017424,1.428545214,1.013496638,40.77593477,0.408408825,20.48984239,0.698288585,41.94199575,0.334152844,20.71845512,0.327464912,37.2437463,0.707617379,26.92853224
1.941547711,47.57704302,-0.230861174,1.658295321,1.023418513,40.57409543,0.388565075,20.86858885,0.72805421,40.84943062,0.324230969,20.43183617,0.357230537,37.30517567,0.687773629,26.3170785
1.961391461,48.03776325,-0.250704924,1.842550356,1.063106013,40.98654974,0.368721325,20.29535096,0.74789796,39.9290871,0.314309094,21.45092575,0.367152412,38.07743054,0.677851754,25.5159103
1.971313336,48.34600703,-0.260626799,1.201069862,1.073027888,41.1971647,0.348877575,20.21800934,0.757819835,38.99272807,0.304387219,22.03326265,0.377074287,38.13447209,0.667929879,23.8030209
1.991157086,48.29225634,-0.310236174,1.997233596,1.082949763,41.57012871,0.3389557,20.40908864,0.76774171,38.88666839,0.284543469,21.44637624,0.396918037,37.5421175,0.658008004,23.50275343
2.011000836,48.25715384,-0.340001799,1.478589792,1.092871638,42.51789605,0.289346325,21.30761628,0.797507335,38.39189038,0.274621594,20.55467286,0.406839912,37.10333632,0.638164254,24.3817182
2.020922711,49.13581315,-0.369767424,2.24518173,1.102793513,42.13427593,0.27942445,20.52737582,0.82727296,38.22332528,0.254777844,21.69432438,0.416761787,37.06823383,0.618320504,24.67379655
2.040766461,48.51054997,-0.389611174,1.692416623,1.142481013,43.45249995,0.2595807,20.82764329,0.84711671,38.55570202,0.244855969,21.89222794,0.426683662,37.67813967,0.598476754,24.56392595
2.060610211,48.18146409,-0.399533049,2.679659654,1.172246638,42.06046667,0.23973695,21.99117971,0.84711671,38.78888287,0.225012219,21.70569815,0.436605537,37.70007872,0.588554879,23.79960877
2.130063336,49.98156387,-0.419376799,1.742461201,1.192090388,43.09269939,0.2198932,20.35449455,0.84711671,39.24020066,0.215090344,20.20436082,0.446527412,38.696112,0.568711129,24.4683863
2.159828961,50.04738104,-0.429298674,2.211060427,1.211934138,43.2193191,0.20004945,18.52559272,0.88680421,39.88520899,0.205168469,19.00147115,0.456449287,38.78386823,0.538945504,21.04601962
2.179672711,50.27774116,-0.434259612,1.510436341,1.221856013,43.52884788,0.1802057,19.68116751,0.90664796,39.54734748,0.185324719,18.45621273,0.476293037,38.19041669,0.529023629,21.13700977
2.199516461,50.37207911,-0.439220549,2.229258456,1.261543513,43.12670493,0.170283825,19.8040042,0.94633546,40.95802896,0.175402844,19.77215765,0.496136787,37.82419111,0.519101754,21.74664371
2.209438336,50.75162483,-0.468986174,2.092773244,1.281387263,43.38339192,0.130596325,20.65021251,0.956257335,41.68421181,0.165480969,19.59927638,0.506058662,37.61451639,0.499258004,21.99117971
2.219360211,50.33697662,-0.498751799,1.661707451,1.301231013,43.92199581,0.12067445,20.38406635,0.976101085,42.01329769,0.155559094,20.06787561,0.515980537,37.69020615,0.479414254,21.90587646
2.249125836,50.79769686,-0.533478362,1.610525497,1.321074763,44.56700414,0.1008307,21.31899005,0.98602296,42.052788,0.135715344,20.33629652,0.535824287,38.77618956,0.469492379,21.75233059
2.268969586,50.64851126,-0.568204924,2.156466343,1.330996638,44.18636147,0.090908825,20.77646133,0.995944835,41.28492094,0.125793469,20.4103885,0.565589912,38.45697625,0.459570504,21.58650106
2.278891461,51.28474396,-0.597970549,1.96083754,1.3657232,42.99177972,0.071065075,20.56149712,1.00586671,41.22458853,0.105949719,21.0323711,0.575511787,38.20818733,0.449648629,21.13473501
2.298735211,51.65332015,-0.637658049,2.448544696,1.400449763,44.44963018,0.04129945,20.37724209,1.02571046,40.91195694,0.086105969,20.40908864,0.605277412,38.35660506,0.439726754,21.42817822
2.308657086,51.71474952,-0.657501799,1.77430775,1.430215388,44.73264404,0.0214557,12.51764369,1.035632335,40.64430042,0.056340344,20.73210364,0.615199287,39.06578514,0.419883004,20.84356656
2.407875836,52.32202267,-0.667423674,2.470382329,1.450059138,44.57139196,0.011533825,13.54388249,1.06539796,41.43849435,0.036496594,19.69481603,0.625121162,39.28956354,0.400039254,21.55101491
2.417797711,52.42996283,-0.672384612,1.601426482,1.469902888,44.85221191,-0.008309925,9.79281393,1.075319835,41.78074367,0.026574719,11.70360689,0.644964912,38.69391809,0.380195504,20.18343309
2.437641461,51.99118166,-0.677345549,2.31569909,1.499668513,45.15810507,-0.0182318,4.773570275,1.08524171,42.08021182,0.006730969,11.5807702,0.684652412,39.12172974,0.370273629,20.22369622
2.457485211,52.37292128,-0.697189299,1.587777961,1.509590388,45.30525347,-0.067841175,1.252251816,1.095163585,41.9036024,-0.003190906,9.840583754,0.694574287,39.9641896,0.350429879,20.63656399
2.477328961,52.45509303,-0.707111174,1.729950057,1.549277888,45.1555194,-0.07776305,2.570471485,1.12492921,42.84698193,-0.013112781,4.886170574,0.714418037,41.55257746,0.340508004,20.89588589
2.517016461,52.77221215,-0.726954924,1.733362187,1.559199763,45.43140306,-0.0976068,1.446743243,1.134851085,42.82253555,-0.042878406,1.92899099,0.724339912,41.80443785,0.330586129,21.11426223
2.526938336,53.13201272,-0.766642424,1.86438799,1.598887263,46.54590725,-0.107528675,2.2417696,1.154694835,42.66269384,-0.072644031,2.381666942,0.744183662,40.58616192,0.320664254,21.87175515
2.546782086,53.48303766,-0.796408049,1.874396906,1.618731013,45.8921233,-0.127372425,1.267037714,1.16461671,43.01810659,-0.122253406,3.726046276,0.764027412,38.73999011,0.300820504,21.14155927
2.566625836,53.46987422,-0.816251799,1.615075004,1.638574763,47.20078816,-0.1372943,2.391903333,1.18446046,43.05759689,-0.132175281,1.660570074,0.793793037,38.73999011,0.290898629,20.41363814
2.576547711,53.72436731,-0.836095549,2.016569001,1.648496638,46.39672165,-0.147216175,2.855953052,1.20430421,42.00123121,-0.152019031,2.320248597,0.813636787,38.21509813,0.280976754,20.86176459
2.596391461,53.66293794,-0.841056487,2.008282399,1.668340388,46.62488786,-0.1769818,2.497679372,1.22414796,42.68243899,-0.171862781,2.090498491,0.823558662,38.20818733,0.251211129,21.79327616
2.646000836,54.69846152,-0.846017424,2.215609935,1.678262263,46.40988509,-0.186903675,2.081399476,1.22414796,43.19581297,-0.191706531,1.992684089,0.883089912,39.8825763,0.221445504,18.62340712
2.655922711,54.50100999,-0.885704924,1.839138226,1.688184138,46.75652222,-0.19682555,1.99950835,1.22414796,43.30770217,-0.201628406,2.047278174,0.897972725,39.28956354,0.211523629,18.66776481
2.685688336,54.58437841,-0.915470549,1.931265744,1.698106013,47.47063858,-0.206747425,2.961729091,1.234069835,43.30770217,-0.221472156,1.983585075,0.912855537,40.56970762,0.191679879,19.39113643
2.705532086,55.0275474,-0.955158049,2.419200375,1.727871638,48.69633391,-0.226591175,1.542282891,1.26383546,43.32909275,-0.231394031,1.437644229,0.932699287,41.24981845,0.186718941,19.71187668
2.725375836,54.63812911,-0.984923674,2.147936017,1.737793513,48.06409012,-0.27620055,2.443085287,1.28367921,43.17277695,-0.241315906,2.252005991,0.962464912,41.21032814,0.181758004,20.43866043
2.735297711,55.69120393,-0.994845549,1.546832398,1.757637263,47.47392944,-0.2960443,1.443331112,1.30352296,43.9247382,-0.251237781,1.660570074,0.972386787,41.70176306,0.151992379,20.41477552
2.745219586,55.7339851,-1.004767424,2.00633261,1.787402888,48.09041699,-0.305966175,2.429436766,1.333288585,44.12383515,-0.261159656,2.124619793,0.992230537,42.4816966,0.142070504,20.61267908
2.784907086,55.6056416,-1.024611174,1.67057899,1.817168513,46.7872369,-0.325809925,1.706065145,1.353132335,43.46566339,-0.300847156,1.426270461,1.012074287,41.679824,0.132148629,21.24392318
2.804750836,55.64710642,-1.054376799,1.901693948,1.827090388,47.66918706,-0.3357318,1.969936554,1.36305421,43.89347504,-0.310769031,1.915342469,1.031918037,41.18509822,0.112304879,21.11767436
2.814672711,55.81954743,-1.084142424,2.015431624,1.846934138,47.70867737,-0.345653675,1.519535355,1.392819835,43.43933652,-0.320690906,2.555685587,1.056722725,41.38254975,0.092461129,20.42501191
2.834516461,56.28246157,-1.103986174,1.758709441,1.876699763,49.17859431,-0.365497425,1.787956272,1.40274171,44.79517036,-0.340534656,1.900556571,1.081527412,41.24543063,0.062695504,18.86225624
2.859321148,56.47113747,-1.123829924,1.951738525,1.886621638,48.89338655,-0.385341175,1.692416623,1.432507335,44.82588504,-0.360378406,2.297501061,1.101371162,42.14273814,0.052773629,14.13713821
2.884125836,56.74756962,-1.133751799,1.920541906,1.896543513,48.93287685,-0.39526305,2.661461626,1.44242921,45.09792937,-0.370300281,1.897144441,1.121214912,41.94748052,0.042851754,12.00728649
2.913891461,56.36144218,-1.153595549,1.644646799,1.906465388,49.06505968,-0.405184925,2.31569909,1.452351085,44.82149723,-0.390144031,2.108696519,1.131136787,42.25462734,0.023008004,11.04506575
2.953578961,56.98889926,-1.173439299,1.723125796,1.916387263,48.36026742,-0.425028675,1.592327468,1.46227296,44.81820637,-0.400065906,1.897144441,1.150980537,42.8733088,0.013086129,9.100833908
2.973422711,56.47113747,-1.183361174,1.726537926,1.936231013,48.13429511,-0.43495055,2.333897118,1.48211671,44.53566263,-0.409987781,1.972211307,1.150980537,41.89482678,0.003164254,1.794780532
2.983344586,57.18635079,-1.193283049,1.751560215,1.956074763,48.99430622,-0.47463805,2.036359357,1.492038585,45.40397924,-0.429831531,1.983585075,1.150980537,43.44372433,-0.016679496,2.36119416
3.013110211,57.21267766,-1.203204924,2.030899948,1.975918513,48.68277158,-0.484559925,2.265654512,1.511882335,45.32828949,-0.439753406,1.446743243,1.170824287,42.74496531,-0.026601371,2.220159442
3.023032086,56.95160286,-1.232970549,1.7138643,1.995762263,48.77930344,-0.51432555,2.033629652,1.54164796,44.8873144,-0.489362781,1.842550356,1.190668037,42.6495304,-0.046445121,2.170114864
3.032953961,57.93666661,-1.252814299,1.522785003,2.015606013,49.07767464,-0.5341693,1.633273032,1.551569835,46.06324796,-0.499284656,2.23835747,1.210511787,42.10982955,-0.056366996,2.83206814
3.062719586,58.11656689,-1.282579924,1.927853613,2.025527888,49.04037824,-0.544091175,2.388491202,1.56149171,45.21640029,-0.529050281,1.633273032,1.250199287,43.69273265,-0.066288871,1.354615725
3.092485211,59.3144395,-1.312345549,1.65147106,2.035449763,48.60379097,-0.55401305,1.587777961,1.571413585,45.75610113,-0.538972156,1.972211307,1.260121162,43.6565332,-0.155585746,2.497679372
3.112328961,58.9414755,-1.322267424,1.967336835,2.065215388,48.39207905,-0.5738568,1.835726096,1.58133546,46.26947511,-0.558815906,2.067750955,1.270043037,42.27437249,-0.165507621,2.688758668
3.122250836,59.53069594,-1.342111174,1.830039212,2.075137263,48.47654443,-0.59370055,1.985859828,1.611101085,45.84385737,-0.588581531,2.151916836,1.289886787,42.83710935,-0.175429496,1.453567503
3.142094586,60.54192984,-1.361954924,1.484276676,2.094981013,50.02763589,-0.6135443,2.675110147,1.62102296,46.79162471,-0.598503406,1.64805893,1.309730537,43.41959137,-0.195273246,2.729704231
3.152016461,60.71853927,-1.371876799,1.96083754,2.114824763,50.20095446,-0.6532318,1.901693948,1.630944835,46.95836156,-0.608425281,2.156466343,1.319652412,43.75525897,-0.205195121,1.765208736
3.171860211,60.95986891,-1.391720549,1.726537926,2.124746638,50.4422841,-0.67307555,1.972211307,1.66071046,46.56283167,-0.618347156,2.121370146,1.329574287,44.63282132,-0.215116996,1.756109722
3.201625836,61.57196866,-1.401642424,1.924441483,2.174356013,50.13513728,-0.682997425,1.723125796,1.690476085,46.38355822,-0.638190906,2.252005991,1.349418037,43.85398473,-0.225038871,1.586640585
3.231391461,61.9997803,-1.421486174,1.856198877,2.194199763,50.59695447,-0.702841175,2.173526994,1.710319835,46.90132001,-0.677878406,1.706065145,1.379183662,43.44121701,-0.234960746,1.64805893
3.241313336,61.26262793,-1.431408049,2.126894547,2.204121638,50.4773866,-0.71276305,1.737911694,1.710319835,47.72184081,-0.687800281,1.769758243,1.428793037,44.4562119,-0.254804496,2.071163086
3.251235211,62.1840684,-1.451251799,1.726537926,2.214043513,50.05396276,-0.7326068,2.030217522,1.710319835,48.2790929,-0.707644031,2.12575717,1.448636787,44.93558033,-0.274648246,1.989271959
3.271078961,62.34202962,-1.481017424,1.906243455,2.233887263,50.84157497,-0.75245055,1.65147106,1.730163585,48.35587961,-0.727487781,1.963112293,1.468480537,44.59207735,-0.284570121,2.470382329
3.300844586,62.97387452,-1.500861174,1.965387047,2.243809138,50.87338661,-0.762372425,1.897144441,1.750007335,47.34229509,-0.747331531,1.765208736,1.478402412,44.70302631,-0.334179496,1.907380832
3.340532086,63.16255042,-1.520704924,2.012181976,2.263652888,51.14433399,-0.7722943,1.715164159,1.75992921,47.30499869,-0.767175281,1.961974916,1.498246162,44.6799903,-0.344101371,2.142817822
3.360375836,63.51796318,-1.540548674,2.097322751,2.273574763,51.1300736,-0.79213805,1.921029353,1.77977296,47.27428401,-0.787019031,1.716301536,1.508168037,45.16374654,-0.373866996,1.99950835
3.400063336,64.29899367,-1.550470549,1.719713666,2.303340388,51.75423982,-0.8119818,1.72881268,1.789694835,47.43443914,-0.806862781,1.807454159,1.518089912,45.1110928,-0.403632621,2.200824037
3.419907086,64.3823621,-1.570314299,1.785681518,2.313262263,51.20576335,-0.821903675,2.074575216,1.809538585,47.29622306,-0.826706531,1.921711779,1.528011787,44.92680471,-0.413554496,1.511086271
3.459594586,64.8858635,-1.580236174,1.743598578,2.333106013,51.51510408,-0.861591175,1.387599651,1.83930421,47.34010118,-0.876315906,2.524976414,1.537933662,45.69905958,-0.423476371,2.260195104
3.469516461,64.70016503,-1.600079924,1.88349592,2.372793513,52.72284927,-0.881434925,2.202871315,1.849226085,47.67467183,-0.896159656,1.901693948,1.557777412,45.35242245,-0.433398246,1.603701236
3.489360211,64.34616265,-1.619923674,1.592327468,2.392637263,52.31149192,-0.8913568,2.170114864,1.85914796,48.62573003,-0.906081531,1.933540497,1.577621162,45.33048339,-0.453241996,1.88690805
3.509203961,64.17832885,-1.639767424,1.965387047,2.402559138,52.18775563,-0.901278675,1.873259529,1.888913585,48.67180205,-0.916003406,1.77089562,1.587543037,45.34145292,-0.492929496,2.456733808
3.519125836,64.77287734,-1.659611174,2.047278174,2.422402888,51.96101545,-0.921122425,1.926391272,1.89883546,48.21766354,-0.925925281,1.825489705,1.607386787,45.80546402,-0.532616996,1.901693948
3.538969586,65.59903962,-1.679454924,2.12575717,2.432324763,52.91700994,-0.9310443,2.170114864,1.928601085,47.9393509,-0.935847156,1.859611008,1.617308662,45.94477704,-0.552460746,1.974486061
3.568735211,66.08044525,-1.689376799,1.724263173,2.462090388,52.69487697,-0.940966175,2.090498491,1.948444835,47.58017717,-0.945769031,1.924441483,1.627230537,46.67095989,-0.572304496,2.040453913
3.578657086,65.45847293,-1.719142424,1.985859828,2.472012263,52.31478278,-0.9707318,1.942639511,1.95836671,48.16939761,-0.965612781,1.77430775,1.637152412,47.46734772,-0.582226371,1.695828754
3.588578961,65.91809621,-1.738986174,1.839138226,2.491856013,52.78866645,-0.980653675,1.828901835,1.97821046,48.35258875,-0.975534656,1.88690805,1.656996162,46.45902858,-0.592148246,1.931265744
3.608422711,65.59339814,-1.748908049,1.863023138,2.501777888,52.63070522,-0.99057555,1.751560215,1.988132335,48.05750841,-0.995378406,1.674218595,1.666918037,46.39964686,-0.602070121,1.77430775
3.618344586,65.36961974,-1.768751799,2.047278174,2.521621638,53.19015122,-1.0104193,2.019981131,1.99805421,48.27031728,-1.015222156,1.948326395,1.676839912,46.79272166,-0.611991996,2.095047998
3.638188336,65.48315437,-1.788595549,2.042728667,2.531543513,53.09753705,-1.020341175,1.685592363,2.01789796,49.42869958,-1.035065906,2.142817822,1.686761787,46.44718149,-0.631835746,1.706065145
3.658032086,65.66415161,-1.798517424,1.914205092,2.541465388,52.73272185,-1.06995055,1.957587892,2.027819835,48.78807907,-1.084675281,1.940364758,1.706605537,46.54919811,-0.641757621,1.823442427
3.667953961,65.35269533,-1.808439299,1.619624511,2.591074763,53.82967479,-1.079872425,1.992684089,2.03774171,48.09919262,-1.089636219,1.842550356,1.716527412,46.65121473,-0.661601371,1.948326395
3.687797711,65.53196878,-1.828283049,1.817983018,2.600996638,54.11927037,-1.10963805,1.716301536,2.067507335,48.48093224,-1.094597156,2.179213878,1.756214912,47.60227294,-0.671523246,2.115520779
3.707641461,66.47205745,-1.838204924,1.723125796,2.620840388,53.63441717,-1.1294818,1.703790391,2.087351085,50.02434503,-1.124362781,1.765622328,1.785980537,47.65163582,-0.750898246,1.715164159
3.737407086,66.95361979,-1.858048674,2.027425779,2.640684138,54.52733686,-1.139403675,1.817203103,2.107194835,50.31723147,-1.154128406,1.72881268,1.805824287,47.18852223,-0.760820121,2.082374371
3.747328961,67.33535942,-1.877892424,1.811841184,2.660527888,54.07978006,-1.14932555,1.826172131,2.11711671,50.54100987,-1.164050281,1.942639511,1.815746162,47.34887681,-0.770741996,1.757247099
3.767172711,67.36058933,-1.947345549,1.985859828,2.680371638,54.42093243,-1.1691693,1.737911694,2.13696046,49.69855001,-1.173972156,2.081399476,1.825668037,47.29622306,-0.790585746,1.897144441
3.787016461,67.62550347,-1.967189299,1.833451342,2.700215388,54.68091027,-1.179091175,1.847099863,2.15680421,50.01227855,-1.193815906,1.8061543,1.855433662,47.15142528,-0.810429496,1.897144441
3.816782086,67.2168885,-1.987033049,1.822077574,2.710137263,54.7664726,-1.18901305,1.783406765,2.186569835,49.74198934,-1.213659656,1.842550356,1.865355537,47.37191282,-0.830273246,1.860748384
3.826703961,67.77523755,-1.996954924,1.816959379,2.720059138,55.1021402,-1.198934925,1.947189018,2.19649171,51.01489354,-1.223581531,1.924441483,1.885199287,48.78698211,-0.840195121,2.095047998
3.836625836,67.30464473,-2.016798674,1.676818314,2.739902888,55.5102067,-1.2088568,1.811841184,2.21633546,50.75820655,-1.233503406,1.892594934,1.895121162,49.08974113,-0.850116996,2.001783103
3.856469586,66.83953669,-2.026720549,1.919891976,2.759746638,56.25174689,-1.238622425,1.787956272,2.226257335,50.90488483,-1.253347156,1.847099863,1.924886787,48.17817323,-0.869960746,1.697534819
3.876313336,101.0556929,-2.056486174,1.880083789,2.819277888,56.36582999,-1.26838805,1.674218595,2.23617921,50.72529796,-1.263269031,1.710614652,1.934808662,48.04653888,-0.879882621,2.060926695
3.906078961,141.4246581,-2.066408049,1.897144441,2.829199763,55.96653912,-1.278309925,2.033629652,2.265944835,51.44270519,-1.273190906,1.77089562,1.954652412,48.05970231,-0.889804496,1.692416623
3.916000836,156.6119716,-2.086251799,1.671943842,2.858965388,56.16399065,-1.298153675,1.903968701,2.27586671,51.10703759,-1.293034656,1.947838948,1.974496162,48.54674942,-0.909648246,1.756109722
3.925922711,138.8479156,-2.096173674,2.131119089,2.878809138,56.57644496,-1.30807555,1.832313965,2.285788585,51.14323703,-1.302956531,2.101872258,1.994339912,48.45987075,-0.919570121,1.914205092
3.945766461,147.1759824,-2.106095549,1.559343542,2.898652888,56.09817347,-1.3279193,1.885445708,2.31555421,51.39005145,-1.322800281,1.852786747,2.014183662,48.45131451,-0.929491996,1.839138226
3.975532086,140.0457882,-2.116017424,2.038179159,2.908574763,56.61593526,-1.337841175,1.622224229,2.325476085,51.6357689,-1.342644031,1.760659229,2.024105537,49.15490013,-0.949335746,1.845962486
4.035063336,372.3146043,-2.145783049,1.892594934,2.938340388,56.59619011,-1.357684925,1.794780532,2.345319835,51.9071864,-1.352565906,1.716301536,2.034027412,48.45131451,-0.959257621,1.825489705
4.044985211,403.7093975,-2.165626799,1.768848342,2.958184138,56.55011809,-1.3676068,1.988134582,2.35524171,52.85119276,-1.362487781,2.013156871,2.043949287,48.95481591,-0.969179496,1.910792962
4.064828961,463.6381306,-2.175548674,1.622224229,2.968106013,57.44084388,-1.38745055,1.699240884,2.365163585,52.10087695,-1.382331531,1.866435268,2.073714912,48.45197268,-0.979101371,2.149642082
4.084672711,531.6711521,-2.195392424,1.974486061,2.978027888,57.60977463,-1.397372425,1.873259529,2.385007335,52.32026754,-1.402175281,1.936140216,2.083636787,48.85214112,-1.008866996,1.603701236
4.094594586,589.1163838,-2.205314299,1.910792962,3.027637263,57.76115413,-1.4072943,1.88349592,2.39492921,52.79853902,-1.431940906,1.800239941,2.103480537,50.12636166,-1.018788871,1.900556571
,,-2.225158049,1.910792962,3.047481013,57.65255579,-1.42713805,1.910792962,2.404851085,52.36414566,-1.451784656,1.958562786,2.113402412,50.04738104,-1.028710746,1.801604793
,,-2.245001799,2.033629652,3.057402888,58.35021786,-1.456903675,1.956288033,2.43461671,52.10745867,-1.461706531,1.76407136,2.133246162,50.11648908,-1.038632621,1.765208736
,,-2.254923674,1.717438912,3.077246638,58.81422896,-1.46682555,1.990409335,2.444538585,51.99556947,-1.481550281,1.838000849,2.143168037,49.71829516,-1.078320121,1.760659229
,,-2.264845549,1.859611008,3.087168513,59.09630257,-1.476747425,1.801604793,2.45446046,52.66690467,-1.501394031,2.018275066,2.163011787,50.14610681,-1.088241996,1.757247099
,,-2.284689299,1.733362187,3.097090388,59.20913202,-1.496591175,1.888045427,2.484226085,52.46506533,-1.511315906,1.682180233,2.182855537,49.96181871,-1.098163871,1.871088173
,,-2.304533049,1.8061543,3.116934138,58.96889932,-1.516434925,1.8061543,2.49414796,52.75115066,-1.521237781,1.92899099,2.192777412,50.31394061,-1.118007621,1.794780532
,,-2.344220549,2.108696519,3.126856013,59.85414035,-1.5263568,2.029080145,2.51399171,52.71203645,-1.541081531,1.778207328,2.212621162,50.21587302,-1.127929496,1.924441483
,,-2.354142424,1.931265744,3.146699763,60.15031764,-1.54620055,1.947838948,2.53383546,53.13091576,-1.551003406,1.907380832,2.222543037,50.39527183,-1.137851371,1.784056694
,,-2.383908049,1.760659229,3.156621638,60.52986336,-1.556122425,1.787956272,2.55367921,53.24170801,-1.580769031,1.953688314,2.252308662,51.0390265,-1.147773246,1.997233596
,,-2.403751799,1.933540497,3.176465388,60.53863899,-1.5660443,1.737911694,2.563601085,53.28229527,-1.590690906,1.678768102,2.262230537,50.89642262,-1.167616996,1.859921201
,,-2.423595549,1.72881268,3.186387263,60.66764065,-1.575966175,1.840275603,2.583444835,53.61706536,-1.600612781,1.835726096,2.272152412,51.11032845,-1.177538871,1.912499027
,,-2.443439299,1.825489705,3.235996638,61.08492155,-1.62557555,1.956288033,2.61321046,53.94704875,-1.620456531,1.839138226,2.282074287,51.074129,-1.187460746,1.737911694
,,-2.463283049,1.555931412,3.245918513,61.6268163,-1.635497425,1.810703807,2.623132335,54.09733131,-1.630378406,1.8061543,2.291996162,51.0576747,-1.207304496,2.074575216
,,-2.493048674,1.844256421,3.285606013,62.21039527,-1.655341175,1.842550356,2.63305421,54.05893795,-1.640300281,2.00292048,2.301918037,51.41308746,-1.266835746,2.022255885
,,-2.512892424,2.115520779,3.305449763,62.53948115,-1.66526305,1.835726096,2.65289796,54.51307647,-1.660144031,1.852786747,2.321761787,51.44270519,-1.276757621,1.965387047
,,-2.592267424,1.815253314,3.325293513,62.82030111,-1.6851068,1.975623437,2.67274171,54.56243935,-1.670065906,1.914692539,2.331683662,51.79811794,-1.286679496,1.992684089
,,-2.602189299,1.951738525,3.345137263,63.20517488,-1.695028675,1.605407301,2.69258546,54.55805154,-1.679987781,1.847099863,2.351527412,52.19631186,-1.296601371,1.941502135
,,-2.612111174,1.944914265,3.355059138,62.86417922,-1.70495055,1.933540497,2.702507335,54.93101554,-1.699831531,1.895194652,2.361449287,51.99886033,-1.316445121,1.938090004
,,-2.631954924,1.779270849,3.384824763,63.26347009,-1.7247943,2.00633261,2.71242921,54.19198268,-1.709753406,1.790685976,2.391214912,52.65703209,-1.326366996,1.88690805
,,-2.651798674,1.906243455,3.404668513,64.16516541,-1.734716175,1.801604793,2.75211671,55.40928703,-1.749440906,1.927474488,2.401136787,52.28077723,-1.336288871,1.956288033
,,-2.661720549,1.927853613,3.414590388,63.71102689,-1.74463805,1.931265744,2.81164796,55.95118178,-1.769284656,1.715164159,2.420980537,52.33343098,-1.356132621,1.810703807
,,-2.681564299,1.89909423,3.454277888,64.01378591,-1.754559925,1.948326395,2.83149171,56.16837846,-1.779206531,1.719713666,2.430902412,52.20179662,-1.375976371,1.678768102
,,-2.691486174,1.865297891,3.464199763,64.3099632,-1.7644818,1.565680356,2.85133546,56.38557515,-1.799050281,1.840600567,2.460668037,52.37292128,-1.385898246,2.00633261
,,-2.711329924,1.819802821,3.474121638,64.02036762,-1.8041693,1.901693948,2.87117921,55.97312084,-1.808972156,1.838650779,2.470589912,52.81828418,-1.405741996,2.146717399
,,-2.731173674,1.866435268,3.503887263,64.3659078,-1.833934925,1.876671659,2.881101085,57.01083832,-1.818894031,1.797055286,2.490433662,52.91371908,-1.425585746,1.897144441
,,-2.790704924,1.453567503,3.513809138,64.82333718,-1.853778675,1.908063258,2.89102296,56.78705992,-1.828815906,1.918982075,2.500355537,52.58529137,-1.445429496,1.996096219
,,-2.810548674,1.8522993,3.523731013,64.51399645,-1.86370055,1.897144441,2.91086671,56.25723165,-1.838737781,1.671943842,2.520199287,52.70145869,-1.455351371,2.030217522
,,-2.830392424,1.776582504,3.543574763,64.65550338,-1.8835443,1.565030426,2.920788585,56.19031752,-1.848659656,1.524084863,2.530121162,53.33494901,-1.475195121,1.718007601
,,-2.840314299,1.963112293,3.563418513,65.50454496,-1.90338805,1.756109722,2.93071046,56.31975797,-1.868503406,2.052396369,2.540043037,53.11884928,-1.485116996,1.931265744
,,-2.860158049,1.95003246,3.583262263,66.01462807,-1.933153675,1.756109722,2.940632335,57.0602012,-1.878425281,1.772357962,2.549964912,53.48303766,-1.504960746,1.747010708
,,-2.880001799,1.917617223,3.593184138,65.78646186,-1.952997425,1.792505779,2.95055421,56.60935355,-1.898269031,1.52863437,2.599574287,53.59361052,-1.514882621,1.792505779
,,-2.889923674,1.958562786,3.603106013,65.25992445,-1.9629193,2.033629652,2.980319835,57.05032863,-1.918112781,2.095047998,2.609496162,53.8410831,-1.524804496,1.92216673
,,-2.899845549,1.95446823,3.613027888,66.02779151,-1.992684925,1.753834969,3.000163585,57.33005163,-1.928034656,1.958562786,2.619418037,53.90097673,-1.534726371,2.028511457
,,-2.929611174,1.997233596,3.652715388,64.72461141,-2.012528675,1.856198877,3.02992921,57.45839512,-1.937956531,1.782496863,2.639261787,54.04906538,-1.554570121,1.815253314
,,-2.949454924,1.78990606,3.662637263,65.3520685,-2.02245055,1.621444313,3.039851085,57.64597408,-1.947878406,2.049552927,2.649183662,54.39460555,-1.584335746,2.220159442
,,-2.969298674,2.060926695,3.682481013,65.42227348,-2.0422943,1.865297891,3.04977296,57.99997646,-1.957800281,1.934677874,2.678949287,54.18234516,-1.594257621,1.723125796
,,-3.008986174,2.187175515,3.692402888,65.17216821,-2.052216175,2.092773244,3.06961671,59.09268624,-1.987565906,2.095047998,2.688871162,54.710528,-1.614101371,1.869847399
,,-3.028829924,1.82766106,3.722168513,66.41611285,-2.072059925,1.794780532,3.079538585,58.84384669,-2.007409656,1.719713666,2.698793037,54.64800168,-1.633945121,1.979035568
,,-3.048673674,1.672918736,3.742012263,66.70790233,-2.0819818,1.831631539,3.08946046,59.4241348,-2.017331531,1.893732311,2.708714912,54.80267205,-1.653788871,1.839138226
,,-3.068517424,1.819152891,3.751934138,66.57626798,-2.10182555,1.901693948,3.10930421,59.09395196,-2.027253406,1.671943842,2.728558662,54.20263879,-1.663710746,1.947189018
,,-3.088361174,1.849374617,3.771777888,66.82417934,-2.111747425,1.901693948,3.12914796,59.32760294,-2.047097156,1.977085779,2.768246162,55.41806265,-1.673632621,1.822077574
,,-3.098283049,2.067750955,3.781699763,67.26954224,-2.1216693,1.701515638,3.139069835,59.99893814,-2.057019031,1.885201985,2.788089912,55.73069424,-1.703398246,1.921029353
,,-3.108204924,1.65147106,3.791621638,66.71229014,-2.131591175,1.834751201,3.14899171,59.7784506,-2.086784656,1.760659229,2.798011787,55.72082166,-1.723241996,1.974486061
,,-3.118126799,1.822077574,3.811465388,66.55103806,-2.171278675,1.719713666,3.178757335,59.86730378,-2.106628406,1.77430775,2.817855537,55.84258344,-1.772851371,1.897144441
,,-3.147892424,1.692416623,3.861074763,66.83076106,-2.18120055,1.845962486,3.18867921,60.57374148,-2.116550281,1.850132868,2.837699287,56.17496018,-1.792695121,1.903968701
,,-3.167736174,1.579816324,3.870996638,92.77589206,-2.191122425,1.808429053,3.198601085,60.74596309,-2.136394031,1.910792962,2.857543037,56.33950312,-1.812538871,1.921711779
,,-3.177658049,1.856198877,3.900762263,139.585068,-2.210966175,2.035579441,3.218444835,61.10137584,-2.156237781,1.933540497,2.877386787,55.93143663,-1.832382621,1.760659229
,,-3.257033049,1.88349592,3.920606013,136.8075832,-2.22088805,1.797055286,3.22836671,61.28456699,-2.166159656,1.72881268,2.887308662,56.18976904,-1.852226371,1.76407136
,,-3.266954924,1.633273032,3.940449763,140.098442,-2.230809925,2.004057857,3.24821046,61.22971934,-2.186003406,1.828901835,2.907152412,55.95249812,-1.862148246,1.859611008
,,-3.286798674,1.706065145,3.960293513,142.0817329,-2.250653675,1.665119581,3.26805421,61.82207393,-2.205847156,1.474040285,2.9319571,56.27039509,-1.891913871,1.892594934
,,-3.306642424,1.805016923,3.980137263,185.8984212,-2.270497425,1.961974916,3.28789796,61.85278861,-2.225690906,1.918982075,2.956761787,56.91211256,-1.901835746,1.892594934
,,-3.316564299,1.794780532,3.999981013,256.9721963,-2.2804193,1.81297856,3.297819835,62.34861134,-2.235612781,1.833451342,2.986527412,56.66529815,-1.911757621,2.023393262
,,-3.336408049,1.99950835,4.029746638,324.4194449,-2.290341175,2.092773244,3.317663585,61.98661687,-2.245534656,1.794780532,2.996449287,56.85123167,-1.921679496,1.951738525
,,-3.346329924,1.794780532,4.079356013,528.5711631,-2.310184925,2.040453913,3.32758546,62.29376369,-2.255456531,1.813303525,3.026214912,57.28463778,-1.981210746,1.969936554
,,-3.356251799,1.860748384,4.089277888,568.8841837,-2.3201068,1.901693948,3.36727296,62.90805734,-2.275300281,1.856198877,3.036136787,58.29098241,-1.991132621,1.842550356
,,-3.386017424,2.115520779,4.099199763,612.6613818,-2.37963805,1.760659229,3.38711671,62.91683296,-2.285222156,2.097322751,3.046058662,57.43864997,-2.001054496,1.910792962
,,-3.390978362,1.796145384,,,-2.389559925,1.668531711,3.40696046,63.19326511,-2.295144031,1.963680981,3.055980537,58.33376357,-2.020898246,1.756109722
,,-3.395939299,1.833451342,,,-2.3994818,1.917617223,3.42680421,64.15419588,-2.314987781,1.801604793,3.075824287,58.8109381,-2.030820121,1.895438376
,,-3.425704924,1.975623437,,,-2.409403675,1.692416623,3.46649171,63.74174158,-2.324909656,1.974486061,3.085746162,58.88004614,-2.050663871,2.147367329
,,-3.485236174,1.637822539,,,-2.429247425,1.823052469,3.476413585,64.3077693,-2.344753406,1.941502135,3.105589912,58.65626774,-2.080429496,1.834751201
,,-3.505079924,1.695828754,,,-2.449091175,1.893732311,3.496257335,63.29857259,-2.364597156,1.988484544,3.145277412,60.01210157,-2.090351371,1.881789855
,,-3.534845549,1.846449934,,,-2.468934925,1.760659229,3.50617921,63.85582468,-2.384440906,1.454932355,3.155199287,59.80477747,-2.110195121,1.760659229
,,-3.544767424,1.842550356,,,-2.4788568,1.85164937,3.52602296,64.56006847,-2.394362781,1.540766388,3.165121162,60.28853371,-2.120116996,2.129169301
,,-3.554689299,1.888045427,,,-2.488778675,2.016081554,3.535944835,64.25511555,-2.404284656,1.915342469,3.194886787,60.35435089,-2.139960746,1.979035568
,,-3.564611174,1.897144441,,,-2.49870055,1.702653014,3.58555421,65.57365299,-2.414206531,1.787956272,3.204808662,60.57812929,-2.159804496,1.881546131
,,,,,,-2.53838805,1.951738525,3.595476085,65.13596877,-2.434050281,1.989271959,3.224652412,61.27579136,-2.179648246,2.060926695
,,,,,,-2.548309925,1.860748384,3.60539796,65.01749785,-2.453894031,1.699240884,3.244496162,61.1770656,-2.189570121,1.919891976
,,,,,,-2.568153675,1.835726096,3.615319835,64.77068344,-2.463815906,2.060926695,3.254418037,61.04323734,-2.199491996,2.001783103
,,,,,,-2.57807555,1.723125796,3.635163585,64.98458926,-2.483659656,1.933540497,3.264339912,61.53576921,-2.219335746,1.897144441
,,,,,,-2.587997425,2.065476202,3.64508546,64.63246737,-2.493581531,1.88349592,3.274261787,61.73322074,-2.249101371,1.84528006
,,,,,,-2.607841175,1.942639511,3.655007335,65.22920977,-2.503503406,2.040453913,3.294105537,61.36793541,-2.268945121,1.938090004
,,,,,,-2.61776305,1.758709441,3.68477296,64.96155325,-2.523347156,1.951738525,3.333793037,62.36835649,-2.278866996,1.619624511
,,,,,,-2.6376068,1.985859828,3.694694835,65.06874122,-2.543190906,1.856198877,3.353636787,62.71938143,-2.328476371,1.979035568
,,,,,,-2.65745055,2.038179159,3.70461671,65.25553664,-2.553112781,1.674218595,3.373480537,62.13404734,-2.338398246,1.801604793
,,,,,,-2.667372425,1.803554581,3.714538585,65.94552004,-2.572956531,2.064338825,3.393324287,61.92079969,-2.358241996,1.784544141
,,,,,,-2.687216175,1.587777961,3.754226085,66.67279984,-2.582878406,1.665119581,3.403246162,62.73693268,-2.378085746,1.951738525
,,,,,,-2.707059925,1.914205092,3.774069835,66.6596364,-2.592800281,1.860748384,3.433011787,63.14829003,-2.397929496,1.860748384
,,,,,,-2.746747425,1.781132011,3.78399171,67.13352007,-2.612644031,1.820371509,3.442933662,64.19149228,-2.407851371,1.696966131
,,,,,,-2.7566693,1.927853613,3.80383546,66.43346465,-2.632487781,1.801604793,3.462777412,63.66824573,-2.417773246,2.019981131
,,,,,,-2.766591175,1.972211307,3.82367921,65.86983029,-2.652331531,1.89032018,3.482621162,63.34574156,-2.427695121,1.646921553
,,,,,,-2.77651305,1.824352328,3.833601085,66.06728181,-2.662253406,1.72881268,3.492543037,64.12567511,-2.447538871,1.838000849
,,,,,,-2.786434925,1.8061543,3.86336671,66.23840647,-2.672175281,1.832313965,3.542152412,64.40210725,-2.457460746,1.956288033
,,,,,,-2.7963568,1.633273032,3.873288585,102.0341749,-2.682097156,1.88349592,3.552074287,64.75422914,-2.467382621,1.946279117
,,,,,,-2.81620055,1.997233596,3.90305421,134.7189848,-2.701940906,2.077987346,3.571918037,65.01420699,-2.477304496,1.712889405
,,,,,,-2.826122425,1.77430775,3.912976085,130.2872949,-2.711862781,1.878946413,3.591761787,64.8134646,-2.526913871,1.863023138
,,,,,,-2.8360443,1.822077574,3.932819835,135.2235831,-2.731706531,1.97513599,3.611605537,65.17545907,-2.536835746,1.819802821
,,,,,,-2.85588805,1.897144441,3.952663585,136.9655444,-2.751550281,2.070852892,3.631449287,65.19849508,-2.546757621,1.82719577
,,,,,,-2.865809925,1.801604793,3.98242921,179.7159945,-2.761472156,1.975623437,3.641371162,64.61272221,-2.576523246,1.77430775
,,,,,,-2.885653675,1.787956272,4.00227296,240.079121,-2.771394031,1.641544863,3.651293037,64.72461141,-2.586445121,1.801604793
,,,,,,-2.925341175,1.809793905,4.012194835,304.5755662,-2.781315906,2.03752923,3.671136787,65.2610214,-2.606288871,1.692416623
,,,,,,-2.945184925,1.743111131,4.032038585,350.1035011,-2.801159656,1.695828754,3.710824287,66.91412949,-2.616210746,1.784056694
,,,,,,-2.965028675,1.881221166,4.04196046,402.7133642,-2.811081531,1.682180233,3.740589912,66.31958099,-2.636054496,1.739049071
,,,,,,-2.984872425,1.856198877,4.06180421,453.5395818,-2.840847156,1.706065145,3.750511787,65.43214606,-2.655898246,1.929900892
,,,,,,-3.004716175,1.74204761,4.071726085,511.3160933,-2.850769031,1.684617469,3.760433662,66.75178045,-2.665820121,1.793074467
,,,,,,-3.01463805,1.985859828,4.091569835,548.1912634,-2.870612781,2.016569001,3.770355537,66.80443419,-2.675741996,1.798192662
,,,,,,-3.024559925,1.819802821,,,-2.890456531,1.866435268,3.790199287,66.81759763,-2.715429496,1.628723525
,,,,,,-3.0344818,1.847099863,,,-2.900378406,2.016081554,3.800121162,66.71755552,-2.735273246,1.858148666
,,,,,,-3.05432555,1.741161342,,,-2.920222156,1.873259529,3.810043037,66.41742919,-2.745195121,1.742461201
,,,,,,-3.064247425,1.989271959,,,-2.930144031,1.838000849,3.819964912,66.50167518,-2.755116996,2.015431624
,,,,,,-3.123778675,1.618714609,,,-2.949987781,1.818665444,3.839808662,66.16271672,-2.774960746,1.915342469
,,,,,,-3.143622425,1.910792962,,,-2.969831531,1.919891976,3.889418037,105.6102415,-2.794804496,1.835726096
,,,,,,-3.163466175,2.017251427,,,-2.989675281,1.817203103,3.899339912,127.3364915,-2.804726371,1.825489705
,,,,,,-3.17338805,1.840844291,,,-3.009519031,1.927853613,3.909261787,142.3855889,-2.824570121,1.634410409
,,,,,,-3.21307555,1.778857257,,,-3.019440906,1.968799177,3.929105537,128.3171674,-2.834491996,1.783406765
,,,,,,-3.222997425,1.958562786,,,-3.029362781,2.088223737,3.939027412,135.3563144,-2.844413871,1.840275603
,,,,,,-3.25276305,1.873746976,,,-3.039284656,1.669669088,3.948949287,137.1235056,-2.854335746,1.828901835
,,,,,,-3.262684925,1.76748349,,,-3.049206531,1.751560215,3.978714912,154.6308746,-2.923788871,1.752860074
,,,,,,-3.282528675,1.736774317,,,-3.059128406,1.901693948,3.988636787,213.5109207,-2.933710746,1.81252361
,,,,,,-3.342059925,1.875306807,,,-3.088894031,1.756109722,4.008480537,268.3059141,-2.963476371,1.828901835
,,,,,,-3.3519818,1.974486061,,,-3.098815906,1.907380832,4.028324287,318.8546026,-2.973398246,1.692416623
,,,,,,-3.361903675,1.831176589,,,-3.118659656,2.019981131,4.038246162,353.90554,-2.993241996,1.815253314
,,,,,,-3.381747425,1.85164937,,,-3.138503406,1.931265744,4.077933662,530.1757859,-3.003163871,1.742461201
,,,,,,-3.401591175,1.902603849,,,-3.158347156,1.76407136,4.087855537,574.6859679,-3.013085746,1.897144441
,,,,,,-3.41151305,1.906243455,,,-3.178190906,1.750910286,4.107699287,626.2537257,-3.032929496,1.787956272
,,,,,,-3.4313568,1.77430775,,,-3.188112781,1.933540497,,,-3.052773246,2.211060427
,,,,,,-3.441278675,1.869847399,,,-3.198034656,1.769758243,,,-3.092460746,2.183763385
,,,,,,-3.45120055,1.740186448,,,-3.237722156,1.715814088,,,-3.102382621,1.660570074
,,,,,,-3.461122425,1.865297891,,,-3.247644031,2.254280744,,,-3.112304496,2.019981131
,,,,,,-3.480966175,1.552519282,,,-3.267487781,1.646921553,,,-3.132148246,1.590052715
,,,,,,-3.5107318,2.156466343,,,-3.277409656,1.924441483,,,-3.142070121,1.910792962
,,,,,,-3.520653675,1.924441483,,,-3.297253406,2.197411906,,,-3.151991996,1.624174018
,,,,,,-3.53057555,1.983585075,,,-3.327019031,2.091635867,,,-3.171835746,2.092123315
,,,,,,-3.540497425,1.783861715,,,-3.336940906,1.900556571,,,-3.191679496,1.537733384
,,,,,,-3.560341175,1.799898728,,,-3.356784656,1.702653014,,,-3.211523246,1.91625237
,,,,,,-3.580184925,1.740186448,,,-3.366706531,1.758709441,,,-3.221445121,1.696316201
,,,,,,,,,,-3.386550281,1.863023138,,,-3.251210746,2.151916836
,,,,,,,,,,-3.406394031,1.928163807,,,-3.280976371,2.156466343
,,,,,,,,,,-3.426237781,1.674218595,,,-3.300820121,1.751560215
,,,,,,,,,,-3.436159656,1.797705215,,,-3.320663871,1.787956272
,,,,,,,,,,-3.446081531,1.869847399,,,-3.330585746,1.805016923
,,,,,,,,,,-3.456003406,2.174664371,,,-3.360351371,1.847099863
,,,,,,,,,,-3.505612781,1.628723525,,,-3.370273246,1.979035568
,,,,,,,,,,-3.525456531,1.933540497,,,-3.380195121,1.619624511
,,,,,,,,,,-3.535378406,1.894869687,,,-3.390116996,1.968799177
,,,,,,,,,,-3.555222156,1.842550356,,,-3.409960746,1.756109722
,,,,,,,,,,-3.565144031,1.815253314,,,-3.429804496,1.815253314
,,,,,,,,,,-3.584987781,1.86789761,,,-3.449648246,1.826172131
,,,,,,,,,,,,,,-3.459570121,1.766118638
,,,,,,,,,,,,,,-3.479413871,1.885445708
,,,,,,,,,,,,,,-3.489335746,1.578678947
,,,,,,,,,,,,,,-3.499257621,1.931265744
,,,,,,,,,,,,,,-3.529023246,1.906243455
,,,,,,,,,,,,,,-3.548866996,1.920541906